{"epoch": 1, "_timestamp": 1708668567.6957939, "_runtime": 1.7464959621429443, "_step": 0, "_wandb": {"runtime": 360}}