{"epoch": 5, "_timestamp": 1708582014.717921, "_runtime": 1395.0650460720062, "_step": 9, "val_acc": 0.8316831683168316, "_wandb": {"runtime": 1402}}