{"epoch": 1, "_timestamp": 1708584739.197622, "_runtime": 1.7463250160217285, "_step": 0, "_wandb": {"runtime": 80}}