{"epoch": 1, "_timestamp": 1708660639.187253, "_runtime": 1.3980491161346436, "_step": 0, "_wandb": {"runtime": 26}}