{"epoch": 1, "_timestamp": 1708584840.233114, "_runtime": 1.650726079940796, "_step": 0, "_wandb": {"runtime": 20}}