{"epoch": 2, "_timestamp": 1708662396.969515, "_runtime": 1680.030730009079, "_step": 2, "val_acc": 0.693069306930693}