{"epoch": 5, "_timestamp": 1708668176.3712409, "_runtime": 7459.432455778122, "_step": 9, "val_acc": 0.7821782178217822, "_wandb": {"runtime": 7467}}