{"epoch": 5, "_timestamp": 1708583875.2694452, "_runtime": 1434.4241802692413, "_step": 9, "val_acc": 0.9405940594059405, "_wandb": {"runtime": 1441}}