{"epoch": 5, "_timestamp": 1708573445.632659, "_runtime": 1409.687579870224, "_step": 9, "val_acc": 0.900990099009901, "_wandb": {"runtime": 1426}}