{"epoch": 1, "_timestamp": 1708660288.869322, "_runtime": 1.6454081535339355, "_step": 0, "_wandb": {"runtime": 28}}